origin,count,share
Administrator,2383,0.9411532385466035
Formal Challenge,143,0.056477093206951025
Other,6,0.002369668246445498
